{"cameraMode":{"drawMode":0,"name":"Shaded","section":"Shading Mode"},"sceneLighting":true,"audioPlay":false,"sceneViewState":{"m_AlwaysRefresh":false,"showFog":true,"showSkybox":true,"showFlares":true,"showImageEffects":true,"showParticleSystems":true,"showVisualEffectGraphs":true,"m_FxEnabled":true},"in2DMode":false,"pivot":{"x":-7.053177356719971,"y":7.697626113891602,"z":-14.423027992248536},"rotation":{"x":0.27259141206741335,"y":0.0038185256998986007,"z":-0.0011988967889919878,"w":0.9624372124671936},"size":1.2247449159622193,"orthographic":false}